,Title,,Metascore,imdbRating,North Americ,International
0,Surfing,,3.9000000000000000,4.25,36,64
1,Swimming,,3.4500000000000000,3.8,36,64
2,Fishing,,3.2,3.5,34,66
3,Diving,,3.4000000000000000,4.25,32,68
4,Bathing,,4.4,3.65,35,65
5,Wading,,3.5,3.55,54,46
6,Floating,,3.65,3.7,38,62
7,Kayaking,,3.35,3.8,51,49
8,Playing,,3.7,3.95,38,62
9,Paddling,,3.75,3.9000000000000000,39,61
10,Surfing,,3.6000000000000000,3.75,36,64
11,Swimming,,3.3000000000000000,3.65,47,53
